Title,Price,Rating
"NIMO 15.6 FHD Laptop, Intel 6-Cores i3-1215U, 32GB RAM, 1TB SSD, (Beat i5-1135G7, Up to 4.4GHz), 65W Type-C, Fingerprint, Backlit Keyboard, IPS Business Laptop, Wi-Fi 6, Numpad, Win 11",N/A,
"Lenovo IdeaPad 15.6” FHD Touchscreen Laptop, 40GB RAM 2.5TB Storage (2TB SSD+512GB Docking Station Set), 6-Cores Intel Core i3, Windows 11 Pro with Microsoft Office Included, Plusera Earphones",N/A,
"Acer Aspire 3 A315-24P-R7VH Slim Laptop | 15.6"" Full HD IPS Display | AMD Ryzen 3 7320U Quad-Core Processor | AMD Radeon Graphics | 8GB LPDDR5 | 128GB NVMe SSD | Wi-Fi 6 | Windows 11 Home in S Mode",299,
"HP 14 Laptop, Intel Celeron N4020, 4 GB RAM, 64 GB Storage, 14-inch Micro-edge HD Display, Windows 11 Home, Thin & Portable, 4K Graphics, One Year of Microsoft 365 (14-dq0040nr, Snowflake White)",N/A,
"HP Stream 14"" HD BrightView Laptop, Intel Celeron N4120, 16GB RAM, 288GB Storage (128GB eMMC + 160GB Docking Station Set), Intel UHD Graphics, 720p Webcam, Wi-Fi, 1 Year Office 365, Win 11 S, Silver",309,
"Gaming Laptop, Laptop Computer with AMD Ryzen 7 5700U (8C/16T, Up to 4.3GHz), 16GB RAM 512GB NVMe SSD Windows 11 laptop, Radeon RX Vega 8 Graphics, 16.0-inch Display, WiFi 6, 53Wh Battery, Backlit KB",494,
"Lenovo 15.6"" FHD IdeaPad Business Laptop Computer, 40GB RAM 1TB SSD, Intel Core i5, Windows 11 Pro Laptop with Microsoft Office Lifetime Suite, Numeric Keypad, PLUSERA Earphones, Blue",N/A,
"ASUS ROG Strix G16 Gaming Laptop, 165Hz Display, NVIDIA® GeForce RTX™ 4060, Intel Core i7-13650HX, 16GB DDR5, 1TB PCIe Gen4 SSD, Wi-Fi 6E, Windows 11, G614JV-AS74","1,302",
"HP 17 Laptop, 17.3"" HD+ Touchscreen Display, 12th Gen Intel Core i7-1255U, 64GB RAM, 2TB SSD, Webcam, HDMI, SuperSpeed USB Ports, Wi-Fi 6, Windows 11 Home, Silver",840,
"Lenovo V-Series V15 Business Laptop, 15.6"" FHD Display, AMD Ryzen 7 7730U, 40GB RAM, 1TB SSD, Numeric Keypad, HDMI, RJ45, Webcam, Wi-Fi, Windows 11 Pro, Black",577,
ASUS E410 Intel Celeron N4020 4GB 64GB 14-Inch HD LED Win 10 Laptop (Star Black),149,
"HP 2025 17 Inch Laptop Touchscreen Computer, 17.3 HD+ Touch Screen Laptop PC, Intel Core i3 (8-Cores), 32GB RAM|1TB SSD+128GB UFS+512GB PSSD, Windows 11 Pro Copilot AI, 10-Key Number Pad HDMI USB-C",N/A,N/A
"2025 Gaming Laptop, Laptop with AMD Ryzen 7 5700U (8C/16T, Up to 4.3GHz), 16GB RAM 512GB NVMe SSD Laptop Computer, Radeon RX Vega 8 Graphics, 16.1-inch FHD Display, WiFi 6, 53Wh Battery, Backlit KB",579,
"jumper Laptop, 12GB RAM 640GB ROM, Office 365-1 Year 5305U Processor, 15.6 Inch Computer, FHD IPS Screen, 38Wh Battery, 2 Stereo Speakers, USB3.0 * 2, HDMI.","1,199",
"HP Victus 15.6 i5 Gaming Laptop, 15.6"" FHD 1920*1080 144Hz, Intel Core i5-12450H, NVIDIA GeForce RTX 3050, 32GB RAM, 1TB SSD, Backlit KB, Touchpad, SD Card Reader, Webcam, HDMI, Wi-Fi 6, W11 H, Blue",648,
"Laptop, 18.5 Inch Laptops with 20GB RAM 128GB EMMC+1024GB SSD Notebook, Celeron N5095 Quad-Core, 1 Year Office 365, 180° Rotation, 8000mAh, WiFi 6, Type-C, HDMI, USB3.2 * 3, BT5.2",399,
"Acer Aspire 3 15.6 Laptop Computer, 15 Inch FHD College Students Business Laptop PC, AMD Ryzen 7, 64GB RAM 2TB SSD, Windows 11 Pro Copilot AI,Lifetime Microsoft Office,Ethernet Port, 10-Key Number Pad",N/A,
NewASUS Business & Student Laptop 14 inch FHD Display Intel.Pentium N6000 Processor 4GB Memory 64GB eMMC Webcam Wi-Fi HDMI USB-C Touchpad up to 10 Hrs Long Battery Life Win 11 Home in S Mode Black,159,
"15.6 Inch Laptop with Office 365, 4GB RAM, 128GB Storage Expandable 1TB, 5205U Processor, HD Display, Windows 11 Laptops Computer, Wi-Fi 5, BT4.2, Numpad, Type-C, for Business and Students.",679,
"HP 17 Laptop, 17.3"" FHD Display, 32GB RAM, 1TB SSD, AMD Ryzen 5 Processor(Beats i7-1165G7, Up to 4.3GHz), Webcam, Numeric Keypad, Long Battery Life, Windows 11 Home, Alpacatec Accessories, Silver",519,
"Apple MacBook Air MJVM2LL/A 11.6-Inch Laptop (1.6 GHz Intel Core i5, 128 GB Hard Drive, Integrated Intel HD Graphics 6000, Mac OS X 10.10 Yosemite) (Renewed)",N/A,
"Lenovo V15 Laptop | 32GB RAM | 1TB PCIe SSD | Intel Celeron N4500 Processor | Intel UHD Graphics | 15.6"" FHD 1080p Anti-Glare Display | Ethernet Port RJ-45 | Windows 11 Pro | WOWPC Recovery USB",N/A,
"jumper Laptop Computer 16 Inch, Office 365, 16GB RAM 1152GB Storage, Celeron N5095 CPU, Laptop with FHD IPS 1920x1200 Display, 38WH Battery, 2 Speakers, Mini HDMI, Numeric Keypad, Business Laptops.","1,299",
"ACEMAGIC 2025 Laptop with Windows 11, 16GB DDR4 RAM 512GB M.2 2280 SSD,Intel N N97 Quad-Core Processor, 16"" FHD IPS Display, Long Battery Life, Portable Laptops Computer for Office Student Business",379,
"HP Portable Laptop, Student and Business, 14"" HD Display, Intel Quad-Core N4120, 8GB DDR4 RAM, 64GB eMMC, 1 Year Office 365, Webcam, RJ-45, HDMI, Wi-Fi, Windows 11 Home, Silver",202,
"ASUS Vivobook Go 15.6” Slim Laptop, AMD Ryzen 5 7520U, 8GB, 512GB, Windows 11 Home, Cool Silver, Military Grade Durability, Fast Charging, Webcam Shield, E1504FA-AS54",388,
"14.1"" Windows 11 Pro Laptop Computer 8GB RAM 128GB SSD, Intel Celeron N5095(4C4T, up to 2.9Ghz) IPS Display, HDMI, Dual Band WiFi, BT5.0 Light and Thin Notebook PC for Work, School Student",195,
"10.1Inch Laptop,Quad-Core Processor with Android 12.0 OS,2GB RAM,64GB EMMC,Built-in Camera, WiFi,USB Interface,Tpye-C Charging for Learning and Entertainment (Pink 2GB+64GB)",99,
"HP 14"" Ultral Light Laptop for Students and Business, Intel Quad-Core, 8GB RAM, 192GB Storage(64GB eMMC+128GB Ghost Manta SD Card), 1 Year Office 365, USB C, Win 11 S",238,
"HP Premium Stream 14"" HD BrightView Laptop, Intel Celeron N4120, 16GB RAM, 64GB eMMC Storage, UHD Graphics, HD Webcam, 1 Year Office 365, Bluetooth, WiFi, HDMI, Win 11s, Pink, 32GB Hotface USB Card",309,
"2025 Latest 15.6'' Laptop Windows 11, 8GB RAM 256GB SSD, Intel Quad-Core Processor N5095, 1080P FHD Display, Backlit Keyboard, Fingerprint, Webcam, USB3.2, Mini-HDMI, WiFi5, BT, TF Card Slot",249,
"Gaming Laptop, 2024 Laptop Computer with Intel Quad-Core Processor(Up to 3.6GHz), 16GB DDR4 512GB SSD, Windows 11 Laptop, 15.6"" IPS 1080P, Metal Shell, USB3.2, Long Battery Life","1,499",
"15.6 Inch Laptop with Office 365, 4GB RAM, 128GB Storage Expandable 1TB, 5205U Processor, HD Display, Windows 11 Laptops Computer, Wi-Fi 5, BT4.2, Numpad, Type-C, for Business and Students.",679,
"Laptop, 12GB LPDDR5 RAM 1TB SSD, Quad-Core N95 Processor Up to 3.4GHz, 15.6"" FHD IPS Display, Office Pro Plus 2024, WiFi 5, Webcam, Laptop Computer with Fingerprint for Students and Business",318,
"Morostron Laptop 16-inch 8GB DDR 256GB SSD Portable Laptop,Expandable to 1TB Pentium Quad-core CPU up to2.6 GHz 9000mAh Battery Mini HDMI Interface USB3.0 Interface Dual-Band WiFi Webcam Slim laptops",199,
"ASUS Vivobook Go 11.6” HD Slim Laptop, Intel Dual Core N4500, Intel Graphics, 4GB, 128GB, Windows 11 Home, SonicMaster, ErgoSense, Black, L210KA-ES04",225,
"jumper Laptop, 12GB RAM 640GB Storage, 5305U Processor, Office 365-1 Year, 15.6 Inch Computer, FHD IPS Screen, 38Wh Battery, 2 Stereo Speakers, USB3.0 * 2, Type-C, WiFi-5.",299,
"SAMSUNG 16' Galaxy Book4 Pro Laptop PC Computer, Intel Core 7 Ultra Processor 1TB, 3K AMOLED (2880 x 1800) Touchscreen, Advanced Security, 2024 Model, NP960XGK-KG1US, Moonstone Gray",999,
"ASUS Vivobook S 14 OLED Slim Laptop, Intel Core Ultra 9 185H, 16GB, 1TB SSD, Fast Charging, RGB Keyboard, Thunderbolt 4, Neutral Black, S5406MA-AS96, Intel Evo Edition",899,
"2025 Laptop, Laptop Computer with Intel Quad-Core Processor(Up to 3.6GHz), 16GB DDR4 512GB SSD Windows 11 Laptop, 15.6"" IPS 1080P, Metal Shell, USB3.2, Long Battery Life",370,
"16 inch Laptop, 12GB RAM 256GB Storage Laptop Computer, 5305U Processor, 1920x1200 IPS FHD Display, WiFi, Bluetooth, Webcam, Type-C, 38Wh Battery",899,
"2024 Laptop,17.3-Inch FHD Display Laptop Computer with Quad Core-12th Alder Lake N97(Up to 3.6GHz), 16GB RAM 512GB ROM Traditional Laptop Computer, 6000Mah Battery,Silver","1,499",
"15.6 Inch Laptops, Laptop Computers with 36GB RAM 128GB EMMC+2048GB SSD, Celeron N5095 Quad-Core, 1 Year Office 365, Windows 11 Computer, WiFi 6, USB 3.2, HDMI, Type-C, 7000mAh(Orange)",379,
"HP Elitebook 660 G11 16"" FHD+ Business AI Laptop Computer, Intel Ultra 7 155U (Beat i7-1355U), 32GB DDR5 RAM, 1TB PCIe SSD, WiFi 6E, Backlit Keyboard, Fingerprint Reader, Windows 11 Pro Vent-HEA","1,139",
"jumper Laptop, 16 Inch FHD IPS 1200p Screen, Quad Core CPU, 4GB LPDDR4 RAM 128GB ROM, Office 365 1-Year Subscription, Windows 11 Computer with Numeric Keypad, 4 Stereo Speakers, WiFi.",229,
"ACEMAGIC 15.6 Inch Laptop with Windows 11, 16GB DDR4 RAM 512GB M.2 2280 SSD,Intel N N97 Quad-Core Processor, WiFi,Bluetooth,Webcam,Portable Laptops Computer for Office Student Business Entertainment",459,
"Dell Inspiron 3535 Laptop - 15.6-inch FHD (1920 x 1080) Display, AMD Ryzen 5 7520U Processor, 8GB DDR4 RAM, 512GB SSD, AMD Radeon Graphics, Windows 11 Home, 6-Months Migrate - Carbon Black",407,
"Acer Aspire 5 15 Slim Laptop | 15.6"" FHD 1920x1080 IPS Touch | Intel Core i5-13420H | Intel UHD Graphics | 16GB LPDDR5 | 512GB Gen 4 SSD | Wi-Fi 6 | Backlit KB | Protective Sleeve| A515-58PT-50UJ",513,
"jumper Laptop Computer 16 Inch, Office 365, Laptops with 16GB RAM, 1152GB Storage, FHD IPS 1920x1200 Display, 12th N95 CPU(Up to 3.4GHz), 38WH Battery, 2 Speakers, Mini HDMI, 16:10.","1,299",
"Lenovo ThinkBook 16 G6 16"" FHD+ Laptop Computer, AMD 8-Core Ryzen 7 7730U (Beat i7-1360P), 64GB DDR4 RAM, 2TB PCIe SSD, WiFi 6, Bluetooth 5.3, Type-C 3.2, Fingerprint Reader, Windows 11 Pro, AZ-XUT",849,
"2025 Gaming Laptop with AMD Ryzen 7 5700U Processor(8C/16T, Up to 4.5GHz), 16.1“ FHD Display Laptop Computer with Backlit Keyboard, 16GB RAM 512GB SSD, WiFi 6, HDMI 1.4, USB3.2, Type-C, 53Wh Battery",479,
"2025 Laptop,15.6In Windows 11 Laptop Computer with Quad Core-12th Alder Lake N97(Up to 3.6GHz), 16GB DDR4 512GB Hard Drive for Business, School, Offic","1,299",
"HP 15.6"" FHD Touchscreen Business Laptop, Intel i7-1255U, 32GB RAM, 1TB PCIe SSD, Intel Iris Xe Graphics, Num Pad, Webcam, Windows 11 Pro, Natural Silver, 32GB Hotface USB Card",N/A,
"Lenovo 11.6"" 300e Chromebook Touchscreen LCD 2 in 1- MediaTek M8173C Quad-core 2.1GHz 4GB LPDDR3 32GB Flash Memory Chrome OS Model 81H00000US (Renewed)",N/A,
"16 Inch Laptop Computer, Gaming Laptop, 16GB RAM 512GB SSD, N100 Processor, FHD 1920 * 1080, Backlit Keyboard, Windows 11 Pro, Fingerprint Unlock, BT 4.2",349,N/A
"ACEMAGIC 15.6"" Laptop with N97 Processor(Up to 3.6GHz), 16GB RAM 512GB SSD Laptop, Windows 11 Traditional Laptop Lomputer with Numeric Keyboard, FHD Screen, Webcam, Light&Thin",369,
"ASUS Zenbook 14 OLED 2024 Business Laptop 14"" WUXGA Touchscreen 16-Core Intel Ultra 7155H 16GB LPDDR5 1TB SSD Intel ARC Graphics Thunderbolt 4 Wi-Fi 6E Backlit Keyboard Win11 Home w/ONT 32GB USB",839,
"Lenovo Yoga 7i 2-in-1 Laptop, 16"" 2K Touchscreen Display, Core Ultra 7 155U (Up to 4.80 GHz), 16GB DDR5, 1TB PCIe SSD, Wi-Fi 6E, Backlit KB, FP Reader, TB 4, Webcam, Keypad, PDG HDMI, Win 11 Pro",809,
"Lenovo IdeaPad 3i Chromebook, 15.6” FHD Display, Intel Celeron N4500, 8GB RAM, 64GB eMMC, 1920x1080 px, 720p Camera, Chrome OS, Abyss Blue",204,
"ACEMAGIC 2025 Laptop,17.3-Inch FHD Display Laptop Computer with Quad Core-12th Alder Lake N97(Up to 3.6GHz), 16GB RAM 512GB ROM Gaming Laptop Computer, 6000Mah Battery,Silver","1,499",
"Dell Inspiron 16 Plus 7640 Laptop - 16.0-inch 16:10 2.5K Display, Intel Core i7-13620H Processor, 16GB LPDDR5 RAM, 1TB SSD, Intel UHD Graphics, Windows 11 Home, Onsite & Migrate Service - Ice Blue",839,
"Dell Inspiron 3520 15.6"" FHD Laptop, Intel Core i7-1255U Processor, 64GB RAM, 2TB SSD, Webcam, HDMI, SD-Card Slot, Wi-Fi 6, Windows 11 Home, Black",739,
"15.6'' Laptop Computer, N4000 Processor Laptops with 8GB RAM, 256GB SSD,15.6 inch FHD 1920 * 1080 Display, WIFI5, BT4.2, Windows 11 Pro",239,
"Dell Inspiron 3511 Laptop, 15.6"" Full HD Touchscreen, Intel Core i5-1135G7 (Beats Intel i7-1065G7), 32GB DDR4 RAM, 1TB PCIe SSD, SD Card Reader, HDMI, Wi-Fi, Windows 11 Home, Black",484,
"15.6'' Laptop Computer, N4000 Processor Laptops with 8GB RAM, 256GB SSD,15.6 inch FHD 1920 * 1080 Display, WIFI5, BT4.2, Windows 11 Pro",239,
"15.6 inch Laptop, Laptop Computer with N4000 Processor with 8GB RAM 256GB SSD, FHD Display 1920*1080P, WIFI5 BT4.2 HDMI Windows 11 Laptop, Thin and Light Laptop, Office Laptop, Study Laptop",239,
"BIGASUO 16 Inch Laptop Computer with 16GB RAM, 1TB SSD, Intel N100 Processor, 1200P IPS Display, Windows 11, Lightweight Notebook with Fingerprint Unlock & Long Battery Life for Business, Study",349,
"Laptop Screen Extender, 15.6"" FHD 1080P IPS Laptop Monitor Extender Detachable, Portable Monitor for Laptops 13-17.3"" with Breath Light, Plug n Play for Windows/Mac/Android/Switch/PS5",199,
"HP Chromebook 14 Laptop, Intel Celeron N4120, 4 GB RAM, 64 GB eMMC, 14"" HD Display, Chrome OS, Thin Design, 4K Graphics, Long Battery Life, Ash Gray Keyboard (14a-na0226nr, 2022, Mineral Silver)",172,
"2025 Gaming Laptop, Laptop with AMD Ryzen 9 6900HX (8C/16T, Up to 4.9GHz), 16GB DDR5 512GB NVMe SSD Windows 11 Laptop Computer, 16-inch FHD Display, WiFi 6, 53Wh Battery, Backlit KB",599,
"AOC Laptop Computer 16GB RAM 512GB SSD Work Laptops 15.6 Inch FHD Screen Premium Laptop (Up to 3.6GHz) Windows 11 Laptop Computer, Light&Thin, Metal Shell, Webcam, Type-C, USB3.2","1,399",
"Lenovo ThinkPad T14 Business Laptop (14"" FHD+ IPS, Intel Ultra 7 155U, 32GB DDR5 RAM, 1TB SSD), 5MP Webcam, 2 Thunderbolt 4, 2024 AI PC, Win 11 Pro w/USB Drive","1,069",
"TPV 16"" Windows 11 Pro Laptop (Intel Core i5, 16GB RAM, 512GB SSD) MS Office 2024, IPS Display, Business Notebook Computer with USB C BT5.0 Dual Band Wi-Fi, RJ45, HDMI, Backlit Keyboard, Gray",319,
"ASUS L410 MA-DB02 Ultra Thin Laptop, 14” FHD Display, Intel Celeron N4020 Processor, 4GB RAM, 64GB Storage, NumberPad, Windows 10 Home in S Mode, Star Black",141,
"Acer Nitro V Gaming Laptop | Intel Core i9-13900H Processor | NVIDIA GeForce RTX 4060 Laptop GPU | 15.6"" FHD IPS 144Hz Display | 32GB DDR5 | 1TB Gen 4 SSD | WiFi 6 | Backlit KB | ANV15-51-92XK","1,249",
HP Victus 15.6 inch FHD 144Hz Gaming Laptop Intel Core i5-13420H NVIDIA GeForce RTX 4050 6GB - 16GB DDR4 512GB SSD Mica Silver (2024),N/A,
"Morostron Laptop 16-inch 8GB DDR 256GB SSD Portable Laptop,Expandable to 1TB Pentium Quad-core CPU up to2.6 GHz 9000mAh Battery Mini HDMI Interface USB3.0 Interface Dual-Band WiFi Webcam Slim laptops",199,
"15.6 Inch Laptop Computer,Gaming Laptop,16GB RAM 1TB SSD,N95 Processor (up to 3.4GHz),Traditional Computers,FHD 1920 x 1080, Supports 180 Angle Opening, Bluetooth, Backlit Keyboard",359,N/A
"16.0-inch Laptop, 2025 16GB DDR4 512GB SSD Windows 11 Laptop, Laptop Computer with Intel 12th Quad-Core Processor(Up to 3.6GHz), 1920P FHD Display, Metal Shell, WiFi 5, USB3.2, Type_C","1,499",
"HP Flagship 14"" HD Laptop with 1 Year Office 365 | 16GB RAM | 1.22TB Storage(64GB EMMC & 160GB Docking Station Set & 1TB Cloud Storage) | Intel 4-Core Processor | Webcam | Win 11s | Blue",299,
"Dell Inspiron 15 3000 Series 3520 Laptop, 15.6"" FHD Touchscreen, 12th Gen Intel Core i7-1255U, 32GB RAM, 1TB PCIe SSD, Webcam, HDMI, Wi-Fi 6, Windows 11 Home, Black",668,
"acer Aspire 3 15.6"" Notebook FHD AMD Ryzen 7 5700U 16GB RAM 512GB SSD Windows 11 Home",409,
"Lenovo ThinkBook 16 G6 Business Laptop, 16” FHD+, Intel 10 Core i7-1355U, 32GB DDR5, 1TB NVMe, WiFi 6 + BT, Backlit KB, Fingerprint, HD Webcam, Win 11 Pro",899,
"Lenovo 2024 IdeaPad 1 Gen 7 Laptop, 15.6"" FHD Touchscreen, Intel Core i3-1215U, 16GB RAM, 1TB SSD, SD Card Reader, HDMI, Webcam, Wi-Fi 6, Windows 11 Home, Grey",389,
"ASUS Vivobook Laptop, 14"" FHD Display, i3-1215U, 24GB RAM, 1TB SSD, Wi-Fi 6, HDMI, Webcam, Touchpad, Windows 11 Home, Blue",376,
"Lenovo Flagship Chromebook, 14'' FHD Touchscreen Slim Thin Light Laptop Computer, 8-Core MediaTek Kompanio 520 Processor, 4GB RAM, 64GB eMMC, WiFi 6,Chrome OS, Abyss Blue",215,
"96W USB C Fast Charger Compatible with Mac Book Pro/Air 13'' 14'' 15'' 16'', M1 M2 M3 M4, Compatible with Ipad Pro, for Samsung Galaxy, All USB C Device, 6.6FT Cable (UL FCC Certified)",16,N/A
"17 inch Laptop, 8GB RAM 256 SSD, 17.3 inch FHD 1920x1080 Display, Celeron N5095(Up to 2.9GHz), Window 11, WiFi, Bluetooth 4.2, USB 3.0, Webcam, HDMI, for Students and Business",279,
"Gaming laptop,15.6 inch Laptop Computer,Celeron N5095 Processor,16GB RAM,512GB SSD, FHD 1920 * 1080 Display ,180 Angle Opening Fingerprint Unlock Backlit Keyboard, Mini-HDMI,Traditional Computers",259,N/A
"External CD DVD Drive for Laptop, USB 3.0 Type-C Ultra Slim 13mm DVD Player Portable CD DVD +/-RW Drive CD Burner Reader Writer Recorder for Desktop PC Windows 11/10/8/7 Linux Mac OS (Black)",19,
"HP New 14"" HD Ultra Light Thin Laptop, Quad-Core Intel Celeron Processor, 4GB RAM, 128GB (64GB eMMC+ 64GB Card), Wi-Fi, Upto 11 Hours, Windows 11 S + 1 Year Office 365+HubxcelAccessory, Royal Blue",249,
"ASUS 2023 Vivobook 14 Laptop, 14” FHD (1920 x 1080) Display, Intel Core i5-1235U CPU, Intel Iris Xᵉ Graphics, 8GB RAM, 256GB SSD, Windows 11 Home, Quiet Blue, F1404ZA-AS51",N/A,
"Dell Inspiron Touchscreen Laptop, 15.6"" Business & Student Laptop Computer, Windows 11 Pro Laptop 16GB RAM 1TB SSD, Intel i5-1155G7 Processor, Full HD IPS Display, Numeric Keypad, HDMI, Carbon Black",485,
"acer Aspire 3 Laptop | 15.6"" Full HD Display | AMD Ryzen 7 5700U Processor | AMD Radeon Graphics | 16GB RAM | 512GB SSD | Wi-Fi 6 | Windows 11 Home | DealExpress Accessories",418,
"Acer Chromebook 315 Laptop | Intel Celeron N4500 | 15.6"" Full HD IPS Display | Intel UHD Graphics | 4GB LPDDR4X | 64GB eMMC | Intel Wi-Fi 6 | DTS Audio | USB Type-C | Chrome OS | CB315-4H-C8XU,Silver",164,
"HP Victus Gaming Laptop, 15.6"" FHD 144Hz, AMD Ryzen 5 7535HS, Radeon RX 6550M (Beats Nvidia GeForce RTX 3050), 16GB RAM 512GB SSD, Backlit Keyboard, Wi-Fi 6, Bluetooth, Windows 11 Home, Mica Silver",560,
"Acer Predator Triton Neo 16 Gaming Creator Laptop | 16"" WQXGA 240Hz Calman Verified | AI-Powered | Intel Core Ultra 7 Processor 155H | NVIDIA GeForce RTX 4060 | 16GB LPDDR5X | 1TB SSD | PTN16-51-71DY","1,059",
"HP 255 G10 15.6"" FHD Business Laptop, AMD Ryzen 7 7730U, 16GB RAM, 512GB PCIe SSD, Numeric Keypad, Webcam, Wi-Fi 6, HDMI, Windows 11 Pro, Black",491,
"Laptop Screen Extender 14'' Triple Portable Monitor-360° Rotation F3 Laptop Monitor Extender Vertical with Stand,IPS FHD 1080P Workstation for Windows/Mac/Linux/Chrome Compatible with Laptop/Mini PC",299,
"15.6"" Windows 11 Laptop, Intel Core i3-5005U, 16GB RAM, 512GB SSD, FHD IPS Display, 2.4G/5G WiFi, BT5.0, RJ45, Webcam, Long Battery Life - for Work, Study, and Entertainment",279,
